"Election","Office","ReportingCountyName","NameonBallot","PoliticalParty","TotalVotes"
"2022 General Election","Auditor Of State","Adams","John Andrew Schick","Libertarian","249"
"2022 General Election","Auditor Of State","Adams","Tera K. Klutz","Republican","6887"
"2022 General Election","Auditor Of State","Adams","Zenai Brooks","Democratic","1754"
"2022 General Election","Auditor Of State","Allen","John Andrew Schick","Libertarian","2794"
"2022 General Election","Auditor Of State","Allen","Tera K. Klutz","Republican","61104"
"2022 General Election","Auditor Of State","Allen","Zenai Brooks","Democratic","36957"
"2022 General Election","Auditor Of State","Bartholomew","John Andrew Schick","Libertarian","857"
"2022 General Election","Auditor Of State","Bartholomew","Tera K. Klutz","Republican","14200"
"2022 General Election","Auditor Of State","Bartholomew","Zenai Brooks","Democratic","7259"
"2022 General Election","Auditor Of State","Benton","John Andrew Schick","Libertarian","81"
"2022 General Election","Auditor Of State","Benton","Tera K. Klutz","Republican","1938"
"2022 General Election","Auditor Of State","Benton","Zenai Brooks","Democratic","445"
"2022 General Election","Auditor Of State","Blackford","John Andrew Schick","Libertarian","189"
"2022 General Election","Auditor Of State","Blackford","Tera K. Klutz","Republican","2432"
"2022 General Election","Auditor Of State","Blackford","Zenai Brooks","Democratic","740"
"2022 General Election","Auditor Of State","Boone","John Andrew Schick","Libertarian","1037"
"2022 General Election","Auditor Of State","Boone","Tera K. Klutz","Republican","15057"
"2022 General Election","Auditor Of State","Boone","Zenai Brooks","Democratic","8539"
"2022 General Election","Auditor Of State","Brown","John Andrew Schick","Libertarian","365"
"2022 General Election","Auditor Of State","Brown","Tera K. Klutz","Republican","3899"
"2022 General Election","Auditor Of State","Brown","Zenai Brooks","Democratic","2019"
"2022 General Election","Auditor Of State","Carroll","John Andrew Schick","Libertarian","296"
"2022 General Election","Auditor Of State","Carroll","Tera K. Klutz","Republican","4707"
"2022 General Election","Auditor Of State","Carroll","Zenai Brooks","Democratic","1197"
"2022 General Election","Auditor Of State","Cass","John Andrew Schick","Libertarian","308"
"2022 General Election","Auditor Of State","Cass","Tera K. Klutz","Republican","6227"
"2022 General Election","Auditor Of State","Cass","Zenai Brooks","Democratic","2024"
"2022 General Election","Auditor Of State","Clark","John Andrew Schick","Libertarian","1333"
"2022 General Election","Auditor Of State","Clark","Tera K. Klutz","Republican","21729"
"2022 General Election","Auditor Of State","Clark","Zenai Brooks","Democratic","12810"
"2022 General Election","Auditor Of State","Clay","John Andrew Schick","Libertarian","277"
"2022 General Election","Auditor Of State","Clay","Tera K. Klutz","Republican","5783"
"2022 General Election","Auditor Of State","Clay","Zenai Brooks","Democratic","1512"
"2022 General Election","Auditor Of State","Clinton","John Andrew Schick","Libertarian","278"
"2022 General Election","Auditor Of State","Clinton","Tera K. Klutz","Republican","5451"
"2022 General Election","Auditor Of State","Clinton","Zenai Brooks","Democratic","1512"
"2022 General Election","Auditor Of State","Crawford","John Andrew Schick","Libertarian","138"
"2022 General Election","Auditor Of State","Crawford","Tera K. Klutz","Republican","2435"
"2022 General Election","Auditor Of State","Crawford","Zenai Brooks","Democratic","1006"
"2022 General Election","Auditor Of State","Daviess","John Andrew Schick","Libertarian","188"
"2022 General Election","Auditor Of State","Daviess","Tera K. Klutz","Republican","5734"
"2022 General Election","Auditor Of State","Daviess","Zenai Brooks","Democratic","1014"
"2022 General Election","Auditor Of State","Dearborn","John Andrew Schick","Libertarian","367"
"2022 General Election","Auditor Of State","Dearborn","Tera K. Klutz","Republican","11411"
"2022 General Election","Auditor Of State","Dearborn","Zenai Brooks","Democratic","2500"
"2022 General Election","Auditor Of State","Decatur","John Andrew Schick","Libertarian","391"
"2022 General Election","Auditor Of State","Decatur","Tera K. Klutz","Republican","6263"
"2022 General Election","Auditor Of State","Decatur","Zenai Brooks","Democratic","1282"
"2022 General Election","Auditor Of State","Dekalb","John Andrew Schick","Libertarian","406"
"2022 General Election","Auditor Of State","Dekalb","Tera K. Klutz","Republican","8581"
"2022 General Election","Auditor Of State","Dekalb","Zenai Brooks","Democratic","2618"
"2022 General Election","Auditor Of State","Delaware","John Andrew Schick","Libertarian","1037"
"2022 General Election","Auditor Of State","Delaware","Tera K. Klutz","Republican","17376"
"2022 General Election","Auditor Of State","Delaware","Zenai Brooks","Democratic","11407"
"2022 General Election","Auditor Of State","Dubois","John Andrew Schick","Libertarian","392"
"2022 General Election","Auditor Of State","Dubois","Tera K. Klutz","Republican","9544"
"2022 General Election","Auditor Of State","Dubois","Zenai Brooks","Democratic","3486"
"2022 General Election","Auditor Of State","Elkhart","John Andrew Schick","Libertarian","1149"
"2022 General Election","Auditor Of State","Elkhart","Tera K. Klutz","Republican","31078"
"2022 General Election","Auditor Of State","Elkhart","Zenai Brooks","Democratic","12298"
"2022 General Election","Auditor Of State","Fayette","John Andrew Schick","Libertarian","201"
"2022 General Election","Auditor Of State","Fayette","Tera K. Klutz","Republican","4674"
"2022 General Election","Auditor Of State","Fayette","Zenai Brooks","Democratic","1245"
"2022 General Election","Auditor Of State","Floyd","John Andrew Schick","Libertarian","821"
"2022 General Election","Auditor Of State","Floyd","Tera K. Klutz","Republican","15708"
"2022 General Election","Auditor Of State","Floyd","Zenai Brooks","Democratic","10091"
"2022 General Election","Auditor Of State","Fountain","John Andrew Schick","Libertarian","173"
"2022 General Election","Auditor Of State","Fountain","Tera K. Klutz","Republican","3917"
"2022 General Election","Auditor Of State","Fountain","Zenai Brooks","Democratic","886"
"2022 General Election","Auditor Of State","Franklin","John Andrew Schick","Libertarian","221"
"2022 General Election","Auditor Of State","Franklin","Tera K. Klutz","Republican","5912"
"2022 General Election","Auditor Of State","Franklin","Zenai Brooks","Democratic","1179"
"2022 General Election","Auditor Of State","Fulton","John Andrew Schick","Libertarian","147"
"2022 General Election","Auditor Of State","Fulton","Tera K. Klutz","Republican","4174"
"2022 General Election","Auditor Of State","Fulton","Zenai Brooks","Democratic","1163"
"2022 General Election","Auditor Of State","Gibson","John Andrew Schick","Libertarian","273"
"2022 General Election","Auditor Of State","Gibson","Tera K. Klutz","Republican","7525"
"2022 General Election","Auditor Of State","Gibson","Zenai Brooks","Democratic","2272"
"2022 General Election","Auditor Of State","Grant","John Andrew Schick","Libertarian","489"
"2022 General Election","Auditor Of State","Grant","Tera K. Klutz","Republican","11371"
"2022 General Election","Auditor Of State","Grant","Zenai Brooks","Democratic","3825"
"2022 General Election","Auditor Of State","Greene","John Andrew Schick","Libertarian","348"
"2022 General Election","Auditor Of State","Greene","Tera K. Klutz","Republican","6898"
"2022 General Election","Auditor Of State","Greene","Zenai Brooks","Democratic","2074"
"2022 General Election","Auditor Of State","Hamilton","John Andrew Schick","Libertarian","4437"
"2022 General Election","Auditor Of State","Hamilton","Tera K. Klutz","Republican","74515"
"2022 General Election","Auditor Of State","Hamilton","Zenai Brooks","Democratic","49243"
"2022 General Election","Auditor Of State","Hancock","John Andrew Schick","Libertarian","1273"
"2022 General Election","Auditor Of State","Hancock","Tera K. Klutz","Republican","16331"
"2022 General Election","Auditor Of State","Hancock","Zenai Brooks","Democratic","6172"
"2022 General Election","Auditor Of State","Harrison","John Andrew Schick","Libertarian","491"
"2022 General Election","Auditor Of State","Harrison","Tera K. Klutz","Republican","9893"
"2022 General Election","Auditor Of State","Harrison","Zenai Brooks","Democratic","3341"
"2022 General Election","Auditor Of State","Hendricks","John Andrew Schick","Libertarian","2076"
"2022 General Election","Auditor Of State","Hendricks","Tera K. Klutz","Republican","30859"
"2022 General Election","Auditor Of State","Hendricks","Zenai Brooks","Democratic","15402"
"2022 General Election","Auditor Of State","Henry","John Andrew Schick","Libertarian","629"
"2022 General Election","Auditor Of State","Henry","Tera K. Klutz","Republican","9659"
"2022 General Election","Auditor Of State","Henry","Zenai Brooks","Democratic","3120"
"2022 General Election","Auditor Of State","Howard","John Andrew Schick","Libertarian","904"
"2022 General Election","Auditor Of State","Howard","Tera K. Klutz","Republican","16851"
"2022 General Election","Auditor Of State","Howard","Zenai Brooks","Democratic","6948"
"2022 General Election","Auditor Of State","Huntington","John Andrew Schick","Libertarian","412"
"2022 General Election","Auditor Of State","Huntington","Tera K. Klutz","Republican","8460"
"2022 General Election","Auditor Of State","Huntington","Zenai Brooks","Democratic","2375"
"2022 General Election","Auditor Of State","Jackson","John Andrew Schick","Libertarian","353"
"2022 General Election","Auditor Of State","Jackson","Tera K. Klutz","Republican","8543"
"2022 General Election","Auditor Of State","Jackson","Zenai Brooks","Democratic","2234"
"2022 General Election","Auditor Of State","Jasper","John Andrew Schick","Libertarian","248"
"2022 General Election","Auditor Of State","Jasper","Tera K. Klutz","Republican","7118"
"2022 General Election","Auditor Of State","Jasper","Zenai Brooks","Democratic","1847"
"2022 General Election","Auditor Of State","Jay","John Andrew Schick","Libertarian","206"
"2022 General Election","Auditor Of State","Jay","Tera K. Klutz","Republican","4002"
"2022 General Election","Auditor Of State","Jay","Zenai Brooks","Democratic","1148"
"2022 General Election","Auditor Of State","Jefferson","John Andrew Schick","Libertarian","316"
"2022 General Election","Auditor Of State","Jefferson","Tera K. Klutz","Republican","6398"
"2022 General Election","Auditor Of State","Jefferson","Zenai Brooks","Democratic","2989"
"2022 General Election","Auditor Of State","Jennings","John Andrew Schick","Libertarian","425"
"2022 General Election","Auditor Of State","Jennings","Tera K. Klutz","Republican","5889"
"2022 General Election","Auditor Of State","Jennings","Zenai Brooks","Democratic","1529"
"2022 General Election","Auditor Of State","Johnson","John Andrew Schick","Libertarian","1919"
"2022 General Election","Auditor Of State","Johnson","Tera K. Klutz","Republican","30463"
"2022 General Election","Auditor Of State","Johnson","Zenai Brooks","Democratic","12300"
"2022 General Election","Auditor Of State","Knox","John Andrew Schick","Libertarian","390"
"2022 General Election","Auditor Of State","Knox","Tera K. Klutz","Republican","7202"
"2022 General Election","Auditor Of State","Knox","Zenai Brooks","Democratic","2363"
"2022 General Election","Auditor Of State","Kosciusko","John Andrew Schick","Libertarian","948"
"2022 General Election","Auditor Of State","Kosciusko","Tera K. Klutz","Republican","17652"
"2022 General Election","Auditor Of State","Kosciusko","Zenai Brooks","Democratic","3861"
"2022 General Election","Auditor Of State","Lagrange","John Andrew Schick","Libertarian","196"
"2022 General Election","Auditor Of State","Lagrange","Tera K. Klutz","Republican","5173"
"2022 General Election","Auditor Of State","Lagrange","Zenai Brooks","Democratic","1169"
"2022 General Election","Auditor Of State","Lake","John Andrew Schick","Libertarian","3399"
"2022 General Election","Auditor Of State","Lake","Tera K. Klutz","Republican","60037"
"2022 General Election","Auditor Of State","Lake","Zenai Brooks","Democratic","68706"
"2022 General Election","Auditor Of State","Laporte","John Andrew Schick","Libertarian","1293"
"2022 General Election","Auditor Of State","Laporte","Tera K. Klutz","Republican","17473"
"2022 General Election","Auditor Of State","Laporte","Zenai Brooks","Democratic","12943"
"2022 General Election","Auditor Of State","Lawrence","John Andrew Schick","Libertarian","494"
"2022 General Election","Auditor Of State","Lawrence","Tera K. Klutz","Republican","9573"
"2022 General Election","Auditor Of State","Lawrence","Zenai Brooks","Democratic","2554"
"2022 General Election","Auditor Of State","Madison","John Andrew Schick","Libertarian","1540"
"2022 General Election","Auditor Of State","Madison","Tera K. Klutz","Republican","22098"
"2022 General Election","Auditor Of State","Madison","Zenai Brooks","Democratic","11988"
"2022 General Election","Auditor Of State","Marion","John Andrew Schick","Libertarian","7544"
"2022 General Election","Auditor Of State","Marion","Tera K. Klutz","Republican","82951"
"2022 General Election","Auditor Of State","Marion","Zenai Brooks","Democratic","132320"
"2022 General Election","Auditor Of State","Marshall","John Andrew Schick","Libertarian","378"
"2022 General Election","Auditor Of State","Marshall","Tera K. Klutz","Republican","9375"
"2022 General Election","Auditor Of State","Marshall","Zenai Brooks","Democratic","2905"
"2022 General Election","Auditor Of State","Martin","John Andrew Schick","Libertarian","200"
"2022 General Election","Auditor Of State","Martin","Tera K. Klutz","Republican","2572"
"2022 General Election","Auditor Of State","Martin","Zenai Brooks","Democratic","633"
"2022 General Election","Auditor Of State","Miami","John Andrew Schick","Libertarian","284"
"2022 General Election","Auditor Of State","Miami","Tera K. Klutz","Republican","6536"
"2022 General Election","Auditor Of State","Miami","Zenai Brooks","Democratic","1641"
"2022 General Election","Auditor Of State","Monroe","John Andrew Schick","Libertarian","1357"
"2022 General Election","Auditor Of State","Monroe","Tera K. Klutz","Republican","14503"
"2022 General Election","Auditor Of State","Monroe","Zenai Brooks","Democratic","23853"
"2022 General Election","Auditor Of State","Montgomery","John Andrew Schick","Libertarian","425"
"2022 General Election","Auditor Of State","Montgomery","Tera K. Klutz","Republican","7270"
"2022 General Election","Auditor Of State","Montgomery","Zenai Brooks","Democratic","1995"
"2022 General Election","Auditor Of State","Morgan","John Andrew Schick","Libertarian","1875"
"2022 General Election","Auditor Of State","Morgan","Tera K. Klutz","Republican","15726"
"2022 General Election","Auditor Of State","Morgan","Zenai Brooks","Democratic","4102"
"2022 General Election","Auditor Of State","Newton","John Andrew Schick","Libertarian","161"
"2022 General Election","Auditor Of State","Newton","Tera K. Klutz","Republican","3053"
"2022 General Election","Auditor Of State","Newton","Zenai Brooks","Democratic","752"
"2022 General Election","Auditor Of State","Noble","John Andrew Schick","Libertarian","315"
"2022 General Election","Auditor Of State","Noble","Tera K. Klutz","Republican","8815"
"2022 General Election","Auditor Of State","Noble","Zenai Brooks","Democratic","2293"
"2022 General Election","Auditor Of State","Ohio","John Andrew Schick","Libertarian","52"
"2022 General Election","Auditor Of State","Ohio","Tera K. Klutz","Republican","1474"
"2022 General Election","Auditor Of State","Ohio","Zenai Brooks","Democratic","436"
"2022 General Election","Auditor Of State","Orange","John Andrew Schick","Libertarian","150"
"2022 General Election","Auditor Of State","Orange","Tera K. Klutz","Republican","4059"
"2022 General Election","Auditor Of State","Orange","Zenai Brooks","Democratic","1136"
"2022 General Election","Auditor Of State","Owen","John Andrew Schick","Libertarian","397"
"2022 General Election","Auditor Of State","Owen","Tera K. Klutz","Republican","4277"
"2022 General Election","Auditor Of State","Owen","Zenai Brooks","Democratic","1439"
"2022 General Election","Auditor Of State","Parke","John Andrew Schick","Libertarian","172"
"2022 General Election","Auditor Of State","Parke","Tera K. Klutz","Republican","3425"
"2022 General Election","Auditor Of State","Parke","Zenai Brooks","Democratic","848"
"2022 General Election","Auditor Of State","Perry","John Andrew Schick","Libertarian","193"
"2022 General Election","Auditor Of State","Perry","Tera K. Klutz","Republican","3662"
"2022 General Election","Auditor Of State","Perry","Zenai Brooks","Democratic","2299"
"2022 General Election","Auditor Of State","Pike","John Andrew Schick","Libertarian","91"
"2022 General Election","Auditor Of State","Pike","Tera K. Klutz","Republican","2744"
"2022 General Election","Auditor Of State","Pike","Zenai Brooks","Democratic","799"
"2022 General Election","Auditor Of State","Porter","John Andrew Schick","Libertarian","1758"
"2022 General Election","Auditor Of State","Porter","Tera K. Klutz","Republican","31371"
"2022 General Election","Auditor Of State","Porter","Zenai Brooks","Democratic","24555"
"2022 General Election","Auditor Of State","Posey","John Andrew Schick","Libertarian","263"
"2022 General Election","Auditor Of State","Posey","Tera K. Klutz","Republican","6188"
"2022 General Election","Auditor Of State","Posey","Zenai Brooks","Democratic","2154"
"2022 General Election","Auditor Of State","Pulaski","John Andrew Schick","Libertarian","102"
"2022 General Election","Auditor Of State","Pulaski","Tera K. Klutz","Republican","2846"
"2022 General Election","Auditor Of State","Pulaski","Zenai Brooks","Democratic","738"
"2022 General Election","Auditor Of State","Putnam","John Andrew Schick","Libertarian","491"
"2022 General Election","Auditor Of State","Putnam","Tera K. Klutz","Republican","7241"
"2022 General Election","Auditor Of State","Putnam","Zenai Brooks","Democratic","2140"
"2022 General Election","Auditor Of State","Randolph","John Andrew Schick","Libertarian","242"
"2022 General Election","Auditor Of State","Randolph","Tera K. Klutz","Republican","5255"
"2022 General Election","Auditor Of State","Randolph","Zenai Brooks","Democratic","1333"
"2022 General Election","Auditor Of State","Ripley","John Andrew Schick","Libertarian","267"
"2022 General Election","Auditor Of State","Ripley","Tera K. Klutz","Republican","6631"
"2022 General Election","Auditor Of State","Ripley","Zenai Brooks","Democratic","1435"
"2022 General Election","Auditor Of State","Rush","John Andrew Schick","Libertarian","230"
"2022 General Election","Auditor Of State","Rush","Tera K. Klutz","Republican","3709"
"2022 General Election","Auditor Of State","Rush","Zenai Brooks","Democratic","879"
"2022 General Election","Auditor Of State","Scott","John Andrew Schick","Libertarian","252"
"2022 General Election","Auditor Of State","Scott","Tera K. Klutz","Republican","4481"
"2022 General Election","Auditor Of State","Scott","Zenai Brooks","Democratic","1931"
"2022 General Election","Auditor Of State","Shelby","John Andrew Schick","Libertarian","559"
"2022 General Election","Auditor Of State","Shelby","Tera K. Klutz","Republican","8346"
"2022 General Election","Auditor Of State","Shelby","Zenai Brooks","Democratic","2535"
"2022 General Election","Auditor Of State","Spencer","John Andrew Schick","Libertarian","212"
"2022 General Election","Auditor Of State","Spencer","Tera K. Klutz","Republican","5221"
"2022 General Election","Auditor Of State","Spencer","Zenai Brooks","Democratic","2086"
"2022 General Election","Auditor Of State","St. Joseph","John Andrew Schick","Libertarian","1909"
"2022 General Election","Auditor Of State","St. Joseph","Tera K. Klutz","Republican","36810"
"2022 General Election","Auditor Of State","St. Joseph","Zenai Brooks","Democratic","32336"
"2022 General Election","Auditor Of State","Starke","John Andrew Schick","Libertarian","273"
"2022 General Election","Auditor Of State","Starke","Tera K. Klutz","Republican","4824"
"2022 General Election","Auditor Of State","Starke","Zenai Brooks","Democratic","1666"
"2022 General Election","Auditor Of State","Steuben","John Andrew Schick","Libertarian","266"
"2022 General Election","Auditor Of State","Steuben","Tera K. Klutz","Republican","7003"
"2022 General Election","Auditor Of State","Steuben","Zenai Brooks","Democratic","2347"
"2022 General Election","Auditor Of State","Sullivan","John Andrew Schick","Libertarian","278"
"2022 General Election","Auditor Of State","Sullivan","Tera K. Klutz","Republican","4303"
"2022 General Election","Auditor Of State","Sullivan","Zenai Brooks","Democratic","1614"
"2022 General Election","Auditor Of State","Switzerland","John Andrew Schick","Libertarian","93"
"2022 General Election","Auditor Of State","Switzerland","Tera K. Klutz","Republican","1937"
"2022 General Election","Auditor Of State","Switzerland","Zenai Brooks","Democratic","589"
"2022 General Election","Auditor Of State","Tippecanoe","John Andrew Schick","Libertarian","1241"
"2022 General Election","Auditor Of State","Tippecanoe","Tera K. Klutz","Republican","20013"
"2022 General Election","Auditor Of State","Tippecanoe","Zenai Brooks","Democratic","17108"
"2022 General Election","Auditor Of State","Tipton","John Andrew Schick","Libertarian","234"
"2022 General Election","Auditor Of State","Tipton","Tera K. Klutz","Republican","3871"
"2022 General Election","Auditor Of State","Tipton","Zenai Brooks","Democratic","1081"
"2022 General Election","Auditor Of State","Union","John Andrew Schick","Libertarian","86"
"2022 General Election","Auditor Of State","Union","Tera K. Klutz","Republican","1903"
"2022 General Election","Auditor Of State","Union","Zenai Brooks","Democratic","454"
"2022 General Election","Auditor Of State","Vanderburgh","John Andrew Schick","Libertarian","1340"
"2022 General Election","Auditor Of State","Vanderburgh","Tera K. Klutz","Republican","26850"
"2022 General Election","Auditor Of State","Vanderburgh","Zenai Brooks","Democratic","18299"
"2022 General Election","Auditor Of State","Vermillion","John Andrew Schick","Libertarian","205"
"2022 General Election","Auditor Of State","Vermillion","Tera K. Klutz","Republican","3230"
"2022 General Election","Auditor Of State","Vermillion","Zenai Brooks","Democratic","1534"
"2022 General Election","Auditor Of State","Vigo","John Andrew Schick","Libertarian","1080"
"2022 General Election","Auditor Of State","Vigo","Tera K. Klutz","Republican","14870"
"2022 General Election","Auditor Of State","Vigo","Zenai Brooks","Democratic","10400"
"2022 General Election","Auditor Of State","Wabash","John Andrew Schick","Libertarian","287"
"2022 General Election","Auditor Of State","Wabash","Tera K. Klutz","Republican","7499"
"2022 General Election","Auditor Of State","Wabash","Zenai Brooks","Democratic","1923"
"2022 General Election","Auditor Of State","Warren","John Andrew Schick","Libertarian","90"
"2022 General Election","Auditor Of State","Warren","Tera K. Klutz","Republican","2177"
"2022 General Election","Auditor Of State","Warren","Zenai Brooks","Democratic","526"
"2022 General Election","Auditor Of State","Warrick","John Andrew Schick","Libertarian","471"
"2022 General Election","Auditor Of State","Warrick","Tera K. Klutz","Republican","13318"
"2022 General Election","Auditor Of State","Warrick","Zenai Brooks","Democratic","6116"
"2022 General Election","Auditor Of State","Washington","John Andrew Schick","Libertarian","268"
"2022 General Election","Auditor Of State","Washington","Tera K. Klutz","Republican","6047"
"2022 General Election","Auditor Of State","Washington","Zenai Brooks","Democratic","1620"
"2022 General Election","Auditor Of State","Wayne","John Andrew Schick","Libertarian","646"
"2022 General Election","Auditor Of State","Wayne","Tera K. Klutz","Republican","10914"
"2022 General Election","Auditor Of State","Wayne","Zenai Brooks","Democratic","4949"
"2022 General Election","Auditor Of State","Wells","John Andrew Schick","Libertarian","305"
"2022 General Election","Auditor Of State","Wells","Tera K. Klutz","Republican","7257"
"2022 General Election","Auditor Of State","Wells","Zenai Brooks","Democratic","1509"
"2022 General Election","Auditor Of State","White","John Andrew Schick","Libertarian","196"
"2022 General Election","Auditor Of State","White","Tera K. Klutz","Republican","4999"
"2022 General Election","Auditor Of State","White","Zenai Brooks","Democratic","1503"
"2022 General Election","Auditor Of State","Whitley","John Andrew Schick","Libertarian","489"
"2022 General Election","Auditor Of State","Whitley","Tera K. Klutz","Republican","8617"
"2022 General Election","Auditor Of State","Whitley","Zenai Brooks","Democratic","2311"
"2022 General Election","Secretary Of State","Adams","Andrew Straw (W/I)","Disability","0"
"2022 General Election","Secretary Of State","Adams","David Wetterer (W/I)","Green","0"
"2022 General Election","Secretary Of State","Adams","Destiny Wells","Democratic","2081"
"2022 General Election","Secretary Of State","Adams","Diego Morales","Republican","6497"
"2022 General Election","Secretary Of State","Adams","Jeffrey Maurer","Libertarian","298"
"2022 General Election","Secretary Of State","Allen","Andrew Straw (W/I)","Disability","0"
"2022 General Election","Secretary Of State","Allen","David Wetterer (W/I)","Green","2"
"2022 General Election","Secretary Of State","Allen","Destiny Wells","Democratic","41911"
"2022 General Election","Secretary Of State","Allen","Diego Morales","Republican","55203"
"2022 General Election","Secretary Of State","Allen","Jeffrey Maurer","Libertarian","3883"
"2022 General Election","Secretary Of State","Bartholomew","Andrew Straw (W/I)","Disability","0"
"2022 General Election","Secretary Of State","Bartholomew","David Wetterer (W/I)","Green","0"
"2022 General Election","Secretary Of State","Bartholomew","Destiny Wells","Democratic","8180"
"2022 General Election","Secretary Of State","Bartholomew","Diego Morales","Republican","12544"
"2022 General Election","Secretary Of State","Bartholomew","Jeffrey Maurer","Libertarian","1665"
"2022 General Election","Secretary Of State","Benton","Andrew Straw (W/I)","Disability","0"
"2022 General Election","Secretary Of State","Benton","David Wetterer (W/I)","Green","0"
"2022 General Election","Secretary Of State","Benton","Destiny Wells","Democratic","498"
"2022 General Election","Secretary Of State","Benton","Diego Morales","Republican","1884"
"2022 General Election","Secretary Of State","Benton","Jeffrey Maurer","Libertarian","85"
"2022 General Election","Secretary Of State","Blackford","Andrew Straw (W/I)","Disability","0"
"2022 General Election","Secretary Of State","Blackford","David Wetterer (W/I)","Green","0"
"2022 General Election","Secretary Of State","Blackford","Destiny Wells","Democratic","896"
"2022 General Election","Secretary Of State","Blackford","Diego Morales","Republican","2221"
"2022 General Election","Secretary Of State","Blackford","Jeffrey Maurer","Libertarian","231"
"2022 General Election","Secretary Of State","Boone","Andrew Straw (W/I)","Disability","0"
"2022 General Election","Secretary Of State","Boone","David Wetterer (W/I)","Green","0"
"2022 General Election","Secretary Of State","Boone","Destiny Wells","Democratic","9953"
"2022 General Election","Secretary Of State","Boone","Diego Morales","Republican","12293"
"2022 General Election","Secretary Of State","Boone","Jeffrey Maurer","Libertarian","2395"
"2022 General Election","Secretary Of State","Brown","Andrew Straw (W/I)","Disability","0"
"2022 General Election","Secretary Of State","Brown","David Wetterer (W/I)","Green","1"
"2022 General Election","Secretary Of State","Brown","Destiny Wells","Democratic","2276"
"2022 General Election","Secretary Of State","Brown","Diego Morales","Republican","3329"
"2022 General Election","Secretary Of State","Brown","Jeffrey Maurer","Libertarian","691"
"2022 General Election","Secretary Of State","Carroll","Andrew Straw (W/I)","Disability","0"
"2022 General Election","Secretary Of State","Carroll","David Wetterer (W/I)","Green","0"
"2022 General Election","Secretary Of State","Carroll","Destiny Wells","Democratic","1431"
"2022 General Election","Secretary Of State","Carroll","Diego Morales","Republican","4353"
"2022 General Election","Secretary Of State","Carroll","Jeffrey Maurer","Libertarian","411"
"2022 General Election","Secretary Of State","Cass","Andrew Straw (W/I)","Disability","0"
"2022 General Election","Secretary Of State","Cass","David Wetterer (W/I)","Green","2"
"2022 General Election","Secretary Of State","Cass","Destiny Wells","Democratic","2504"
"2022 General Election","Secretary Of State","Cass","Diego Morales","Republican","5611"
"2022 General Election","Secretary Of State","Cass","Jeffrey Maurer","Libertarian","417"
"2022 General Election","Secretary Of State","Clark","Andrew Straw (W/I)","Disability","0"
"2022 General Election","Secretary Of State","Clark","David Wetterer (W/I)","Green","2"
"2022 General Election","Secretary Of State","Clark","Destiny Wells","Democratic","13855"
"2022 General Election","Secretary Of State","Clark","Diego Morales","Republican","20826"
"2022 General Election","Secretary Of State","Clark","Jeffrey Maurer","Libertarian","1306"
"2022 General Election","Secretary Of State","Clay","Andrew Straw (W/I)","Disability","0"
"2022 General Election","Secretary Of State","Clay","David Wetterer (W/I)","Green","0"
"2022 General Election","Secretary Of State","Clay","Destiny Wells","Democratic","1692"
"2022 General Election","Secretary Of State","Clay","Diego Morales","Republican","5393"
"2022 General Election","Secretary Of State","Clay","Jeffrey Maurer","Libertarian","485"
"2022 General Election","Secretary Of State","Clinton","Andrew Straw (W/I)","Disability","0"
"2022 General Election","Secretary Of State","Clinton","David Wetterer (W/I)","Green","0"
"2022 General Election","Secretary Of State","Clinton","Destiny Wells","Democratic","1820"
"2022 General Election","Secretary Of State","Clinton","Diego Morales","Republican","4904"
"2022 General Election","Secretary Of State","Clinton","Jeffrey Maurer","Libertarian","485"
"2022 General Election","Secretary Of State","Crawford","Andrew Straw (W/I)","Disability","0"
"2022 General Election","Secretary Of State","Crawford","David Wetterer (W/I)","Green","0"
"2022 General Election","Secretary Of State","Crawford","Destiny Wells","Democratic","1129"
"2022 General Election","Secretary Of State","Crawford","Diego Morales","Republican","2296"
"2022 General Election","Secretary Of State","Crawford","Jeffrey Maurer","Libertarian","154"
"2022 General Election","Secretary Of State","Daviess","Andrew Straw (W/I)","Disability","0"
"2022 General Election","Secretary Of State","Daviess","David Wetterer (W/I)","Green","0"
"2022 General Election","Secretary Of State","Daviess","Destiny Wells","Democratic","1190"
"2022 General Election","Secretary Of State","Daviess","Diego Morales","Republican","5509"
"2022 General Election","Secretary Of State","Daviess","Jeffrey Maurer","Libertarian","242"
"2022 General Election","Secretary Of State","Dearborn","Andrew Straw (W/I)","Disability","0"
"2022 General Election","Secretary Of State","Dearborn","David Wetterer (W/I)","Green","0"
"2022 General Election","Secretary Of State","Dearborn","Destiny Wells","Democratic","2720"
"2022 General Election","Secretary Of State","Dearborn","Diego Morales","Republican","11104"
"2022 General Election","Secretary Of State","Dearborn","Jeffrey Maurer","Libertarian","438"
"2022 General Election","Secretary Of State","Decatur","Andrew Straw (W/I)","Disability","0"
"2022 General Election","Secretary Of State","Decatur","David Wetterer (W/I)","Green","0"
"2022 General Election","Secretary Of State","Decatur","Destiny Wells","Democratic","1684"
"2022 General Election","Secretary Of State","Decatur","Diego Morales","Republican","5437"
"2022 General Election","Secretary Of State","Decatur","Jeffrey Maurer","Libertarian","833"
"2022 General Election","Secretary Of State","Dekalb","Andrew Straw (W/I)","Disability","0"
"2022 General Election","Secretary Of State","Dekalb","David Wetterer (W/I)","Green","1"
"2022 General Election","Secretary Of State","Dekalb","Destiny Wells","Democratic","3048"
"2022 General Election","Secretary Of State","Dekalb","Diego Morales","Republican","8022"
"2022 General Election","Secretary Of State","Dekalb","Jeffrey Maurer","Libertarian","540"
"2022 General Election","Secretary Of State","Delaware","Andrew Straw (W/I)","Disability","0"
"2022 General Election","Secretary Of State","Delaware","David Wetterer (W/I)","Green","0"
"2022 General Election","Secretary Of State","Delaware","Destiny Wells","Democratic","12850"
"2022 General Election","Secretary Of State","Delaware","Diego Morales","Republican","15228"
"2022 General Election","Secretary Of State","Delaware","Jeffrey Maurer","Libertarian","1751"
"2022 General Election","Secretary Of State","Dubois","Andrew Straw (W/I)","Disability","0"
"2022 General Election","Secretary Of State","Dubois","David Wetterer (W/I)","Green","0"
"2022 General Election","Secretary Of State","Dubois","Destiny Wells","Democratic","3945"
"2022 General Election","Secretary Of State","Dubois","Diego Morales","Republican","8956"
"2022 General Election","Secretary Of State","Dubois","Jeffrey Maurer","Libertarian","526"
"2022 General Election","Secretary Of State","Elkhart","Andrew Straw (W/I)","Disability","3"
"2022 General Election","Secretary Of State","Elkhart","David Wetterer (W/I)","Green","0"
"2022 General Election","Secretary Of State","Elkhart","Destiny Wells","Democratic","13515"
"2022 General Election","Secretary Of State","Elkhart","Diego Morales","Republican","29354"
"2022 General Election","Secretary Of State","Elkhart","Jeffrey Maurer","Libertarian","1700"
"2022 General Election","Secretary Of State","Fayette","Andrew Straw (W/I)","Disability","0"
"2022 General Election","Secretary Of State","Fayette","David Wetterer (W/I)","Green","0"
"2022 General Election","Secretary Of State","Fayette","Destiny Wells","Democratic","1484"
"2022 General Election","Secretary Of State","Fayette","Diego Morales","Republican","4330"
"2022 General Election","Secretary Of State","Fayette","Jeffrey Maurer","Libertarian","296"
"2022 General Election","Secretary Of State","Floyd","Andrew Straw (W/I)","Disability","1"
"2022 General Election","Secretary Of State","Floyd","David Wetterer (W/I)","Green","2"
"2022 General Election","Secretary Of State","Floyd","Destiny Wells","Democratic","10891"
"2022 General Election","Secretary Of State","Floyd","Diego Morales","Republican","14926"
"2022 General Election","Secretary Of State","Floyd","Jeffrey Maurer","Libertarian","852"
"2022 General Election","Secretary Of State","Fountain","Andrew Straw (W/I)","Disability","0"
"2022 General Election","Secretary Of State","Fountain","David Wetterer (W/I)","Green","0"
"2022 General Election","Secretary Of State","Fountain","Destiny Wells","Democratic","1039"
"2022 General Election","Secretary Of State","Fountain","Diego Morales","Republican","3680"
"2022 General Election","Secretary Of State","Fountain","Jeffrey Maurer","Libertarian","231"
"2022 General Election","Secretary Of State","Franklin","Andrew Straw (W/I)","Disability","0"
"2022 General Election","Secretary Of State","Franklin","David Wetterer (W/I)","Green","0"
"2022 General Election","Secretary Of State","Franklin","Destiny Wells","Democratic","1326"
"2022 General Election","Secretary Of State","Franklin","Diego Morales","Republican","5638"
"2022 General Election","Secretary Of State","Franklin","Jeffrey Maurer","Libertarian","340"
"2022 General Election","Secretary Of State","Fulton","Andrew Straw (W/I)","Disability","0"
"2022 General Election","Secretary Of State","Fulton","David Wetterer (W/I)","Green","0"
"2022 General Election","Secretary Of State","Fulton","Destiny Wells","Democratic","1522"
"2022 General Election","Secretary Of State","Fulton","Diego Morales","Republican","3797"
"2022 General Election","Secretary Of State","Fulton","Jeffrey Maurer","Libertarian","180"
"2022 General Election","Secretary Of State","Gibson","Andrew Straw (W/I)","Disability","0"
"2022 General Election","Secretary Of State","Gibson","David Wetterer (W/I)","Green","0"
"2022 General Election","Secretary Of State","Gibson","Destiny Wells","Democratic","2522"
"2022 General Election","Secretary Of State","Gibson","Diego Morales","Republican","7162"
"2022 General Election","Secretary Of State","Gibson","Jeffrey Maurer","Libertarian","410"
"2022 General Election","Secretary Of State","Grant","Andrew Straw (W/I)","Disability","2"
"2022 General Election","Secretary Of State","Grant","David Wetterer (W/I)","Green","1"
"2022 General Election","Secretary Of State","Grant","Destiny Wells","Democratic","4325"
"2022 General Election","Secretary Of State","Grant","Diego Morales","Republican","10575"
"2022 General Election","Secretary Of State","Grant","Jeffrey Maurer","Libertarian","766"
"2022 General Election","Secretary Of State","Greene","Andrew Straw (W/I)","Disability","0"
"2022 General Election","Secretary Of State","Greene","David Wetterer (W/I)","Green","0"
"2022 General Election","Secretary Of State","Greene","Destiny Wells","Democratic","2270"
"2022 General Election","Secretary Of State","Greene","Diego Morales","Republican","6554"
"2022 General Election","Secretary Of State","Greene","Jeffrey Maurer","Libertarian","505"
"2022 General Election","Secretary Of State","Hamilton","Andrew Straw (W/I)","Disability","1"
"2022 General Election","Secretary Of State","Hamilton","David Wetterer (W/I)","Green","3"
"2022 General Election","Secretary Of State","Hamilton","Destiny Wells","Democratic","56160"
"2022 General Election","Secretary Of State","Hamilton","Diego Morales","Republican","61478"
"2022 General Election","Secretary Of State","Hamilton","Jeffrey Maurer","Libertarian","10715"
"2022 General Election","Secretary Of State","Hancock","Andrew Straw (W/I)","Disability","2"
"2022 General Election","Secretary Of State","Hancock","David Wetterer (W/I)","Green","0"
"2022 General Election","Secretary Of State","Hancock","Destiny Wells","Democratic","7378"
"2022 General Election","Secretary Of State","Hancock","Diego Morales","Republican","13599"
"2022 General Election","Secretary Of State","Hancock","Jeffrey Maurer","Libertarian","2806"
"2022 General Election","Secretary Of State","Harrison","Andrew Straw (W/I)","Disability","0"
"2022 General Election","Secretary Of State","Harrison","David Wetterer (W/I)","Green","0"
"2022 General Election","Secretary Of State","Harrison","Destiny Wells","Democratic","3711"
"2022 General Election","Secretary Of State","Harrison","Diego Morales","Republican","9603"
"2022 General Election","Secretary Of State","Harrison","Jeffrey Maurer","Libertarian","450"
"2022 General Election","Secretary Of State","Hendricks","Andrew Straw (W/I)","Disability","0"
"2022 General Election","Secretary Of State","Hendricks","David Wetterer (W/I)","Green","0"
"2022 General Election","Secretary Of State","Hendricks","Destiny Wells","Democratic","17765"
"2022 General Election","Secretary Of State","Hendricks","Diego Morales","Republican","25454"
"2022 General Election","Secretary Of State","Hendricks","Jeffrey Maurer","Libertarian","5129"
"2022 General Election","Secretary Of State","Henry","Andrew Straw (W/I)","Disability","0"
"2022 General Election","Secretary Of State","Henry","David Wetterer (W/I)","Green","0"
"2022 General Election","Secretary Of State","Henry","Destiny Wells","Democratic","3891"
"2022 General Election","Secretary Of State","Henry","Diego Morales","Republican","8220"
"2022 General Election","Secretary Of State","Henry","Jeffrey Maurer","Libertarian","1283"
"2022 General Election","Secretary Of State","Howard","Andrew Straw (W/I)","Disability","0"
"2022 General Election","Secretary Of State","Howard","David Wetterer (W/I)","Green","0"
"2022 General Election","Secretary Of State","Howard","Destiny Wells","Democratic","8115"
"2022 General Election","Secretary Of State","Howard","Diego Morales","Republican","15126"
"2022 General Election","Secretary Of State","Howard","Jeffrey Maurer","Libertarian","1427"
"2022 General Election","Secretary Of State","Huntington","Andrew Straw (W/I)","Disability","0"
"2022 General Election","Secretary Of State","Huntington","David Wetterer (W/I)","Green","0"
"2022 General Election","Secretary Of State","Huntington","Destiny Wells","Democratic","2824"
"2022 General Election","Secretary Of State","Huntington","Diego Morales","Republican","7953"
"2022 General Election","Secretary Of State","Huntington","Jeffrey Maurer","Libertarian","457"
"2022 General Election","Secretary Of State","Jackson","Andrew Straw (W/I)","Disability","0"
"2022 General Election","Secretary Of State","Jackson","David Wetterer (W/I)","Green","0"
"2022 General Election","Secretary Of State","Jackson","Destiny Wells","Democratic","2550"
"2022 General Election","Secretary Of State","Jackson","Diego Morales","Republican","7974"
"2022 General Election","Secretary Of State","Jackson","Jeffrey Maurer","Libertarian","646"
"2022 General Election","Secretary Of State","Jasper","Andrew Straw (W/I)","Disability","0"
"2022 General Election","Secretary Of State","Jasper","David Wetterer (W/I)","Green","0"
"2022 General Election","Secretary Of State","Jasper","Destiny Wells","Democratic","2019"
"2022 General Election","Secretary Of State","Jasper","Diego Morales","Republican","6920"
"2022 General Election","Secretary Of State","Jasper","Jeffrey Maurer","Libertarian","285"
"2022 General Election","Secretary Of State","Jay","Andrew Straw (W/I)","Disability","0"
"2022 General Election","Secretary Of State","Jay","David Wetterer (W/I)","Green","1"
"2022 General Election","Secretary Of State","Jay","Destiny Wells","Democratic","1366"
"2022 General Election","Secretary Of State","Jay","Diego Morales","Republican","3740"
"2022 General Election","Secretary Of State","Jay","Jeffrey Maurer","Libertarian","254"
"2022 General Election","Secretary Of State","Jefferson","Andrew Straw (W/I)","Disability","0"
"2022 General Election","Secretary Of State","Jefferson","David Wetterer (W/I)","Green","0"
"2022 General Election","Secretary Of State","Jefferson","Destiny Wells","Democratic","3290"
"2022 General Election","Secretary Of State","Jefferson","Diego Morales","Republican","6043"
"2022 General Election","Secretary Of State","Jefferson","Jeffrey Maurer","Libertarian","372"
"2022 General Election","Secretary Of State","Jennings","Andrew Straw (W/I)","Disability","0"
"2022 General Election","Secretary Of State","Jennings","David Wetterer (W/I)","Green","0"
"2022 General Election","Secretary Of State","Jennings","Destiny Wells","Democratic","1758"
"2022 General Election","Secretary Of State","Jennings","Diego Morales","Republican","5429"
"2022 General Election","Secretary Of State","Jennings","Jeffrey Maurer","Libertarian","663"
"2022 General Election","Secretary Of State","Johnson","Andrew Straw (W/I)","Disability","0"
"2022 General Election","Secretary Of State","Johnson","David Wetterer (W/I)","Green","3"
"2022 General Election","Secretary Of State","Johnson","Destiny Wells","Democratic","14340"
"2022 General Election","Secretary Of State","Johnson","Diego Morales","Republican","25935"
"2022 General Election","Secretary Of State","Johnson","Jeffrey Maurer","Libertarian","4342"
"2022 General Election","Secretary Of State","Knox","Andrew Straw (W/I)","Disability","0"
"2022 General Election","Secretary Of State","Knox","David Wetterer (W/I)","Green","0"
"2022 General Election","Secretary Of State","Knox","Destiny Wells","Democratic","2683"
"2022 General Election","Secretary Of State","Knox","Diego Morales","Republican","6846"
"2022 General Election","Secretary Of State","Knox","Jeffrey Maurer","Libertarian","449"
"2022 General Election","Secretary Of State","Kosciusko","Andrew Straw (W/I)","Disability","0"
"2022 General Election","Secretary Of State","Kosciusko","David Wetterer (W/I)","Green","0"
"2022 General Election","Secretary Of State","Kosciusko","Destiny Wells","Democratic","4687"
"2022 General Election","Secretary Of State","Kosciusko","Diego Morales","Republican","16553"
"2022 General Election","Secretary Of State","Kosciusko","Jeffrey Maurer","Libertarian","1250"
"2022 General Election","Secretary Of State","Lagrange","Andrew Straw (W/I)","Disability","0"
"2022 General Election","Secretary Of State","Lagrange","David Wetterer (W/I)","Green","1"
"2022 General Election","Secretary Of State","Lagrange","Destiny Wells","Democratic","1373"
"2022 General Election","Secretary Of State","Lagrange","Diego Morales","Republican","4884"
"2022 General Election","Secretary Of State","Lagrange","Jeffrey Maurer","Libertarian","288"
"2022 General Election","Secretary Of State","Lake","Andrew Straw (W/I)","Disability","0"
"2022 General Election","Secretary Of State","Lake","David Wetterer (W/I)","Green","7"
"2022 General Election","Secretary Of State","Lake","Destiny Wells","Democratic","70412"
"2022 General Election","Secretary Of State","Lake","Diego Morales","Republican","58356"
"2022 General Election","Secretary Of State","Lake","Jeffrey Maurer","Libertarian","3793"
"2022 General Election","Secretary Of State","Laporte","Andrew Straw (W/I)","Disability","0"
"2022 General Election","Secretary Of State","Laporte","David Wetterer (W/I)","Green","0"
"2022 General Election","Secretary Of State","Laporte","Destiny Wells","Democratic","13833"
"2022 General Election","Secretary Of State","Laporte","Diego Morales","Republican","16486"
"2022 General Election","Secretary Of State","Laporte","Jeffrey Maurer","Libertarian","1405"
"2022 General Election","Secretary Of State","Lawrence","Andrew Straw (W/I)","Disability","0"
"2022 General Election","Secretary Of State","Lawrence","David Wetterer (W/I)","Green","0"
"2022 General Election","Secretary Of State","Lawrence","Destiny Wells","Democratic","2896"
"2022 General Election","Secretary Of State","Lawrence","Diego Morales","Republican","9030"
"2022 General Election","Secretary Of State","Lawrence","Jeffrey Maurer","Libertarian","703"
"2022 General Election","Secretary Of State","Madison","Andrew Straw (W/I)","Disability","0"
"2022 General Election","Secretary Of State","Madison","David Wetterer (W/I)","Green","1"
"2022 General Election","Secretary Of State","Madison","Destiny Wells","Democratic","14140"
"2022 General Election","Secretary Of State","Madison","Diego Morales","Republican","18740"
"2022 General Election","Secretary Of State","Madison","Jeffrey Maurer","Libertarian","2693"
"2022 General Election","Secretary Of State","Marion","Andrew Straw (W/I)","Disability","8"
"2022 General Election","Secretary Of State","Marion","David Wetterer (W/I)","Green","31"
"2022 General Election","Secretary Of State","Marion","Destiny Wells","Democratic","141777"
"2022 General Election","Secretary Of State","Marion","Diego Morales","Republican","66021"
"2022 General Election","Secretary Of State","Marion","Jeffrey Maurer","Libertarian","15160"
"2022 General Election","Secretary Of State","Marshall","Andrew Straw (W/I)","Disability","1"
"2022 General Election","Secretary Of State","Marshall","David Wetterer (W/I)","Green","0"
"2022 General Election","Secretary Of State","Marshall","Destiny Wells","Democratic","3378"
"2022 General Election","Secretary Of State","Marshall","Diego Morales","Republican","8743"
"2022 General Election","Secretary Of State","Marshall","Jeffrey Maurer","Libertarian","539"
"2022 General Election","Secretary Of State","Martin","Andrew Straw (W/I)","Disability","0"
"2022 General Election","Secretary Of State","Martin","David Wetterer (W/I)","Green","0"
"2022 General Election","Secretary Of State","Martin","Destiny Wells","Democratic","801"
"2022 General Election","Secretary Of State","Martin","Diego Morales","Republican","2397"
"2022 General Election","Secretary Of State","Martin","Jeffrey Maurer","Libertarian","199"
"2022 General Election","Secretary Of State","Miami","Andrew Straw (W/I)","Disability","0"
"2022 General Election","Secretary Of State","Miami","David Wetterer (W/I)","Green","0"
"2022 General Election","Secretary Of State","Miami","Destiny Wells","Democratic","1923"
"2022 General Election","Secretary Of State","Miami","Diego Morales","Republican","6156"
"2022 General Election","Secretary Of State","Miami","Jeffrey Maurer","Libertarian","398"
"2022 General Election","Secretary Of State","Monroe","Andrew Straw (W/I)","Disability","0"
"2022 General Election","Secretary Of State","Monroe","David Wetterer (W/I)","Green","11"
"2022 General Election","Secretary Of State","Monroe","Destiny Wells","Democratic","25280"
"2022 General Election","Secretary Of State","Monroe","Diego Morales","Republican","12706"
"2022 General Election","Secretary Of State","Monroe","Jeffrey Maurer","Libertarian","1887"
"2022 General Election","Secretary Of State","Montgomery","Andrew Straw (W/I)","Disability","0"
"2022 General Election","Secretary Of State","Montgomery","David Wetterer (W/I)","Green","1"
"2022 General Election","Secretary Of State","Montgomery","Destiny Wells","Democratic","2496"
"2022 General Election","Secretary Of State","Montgomery","Diego Morales","Republican","6443"
"2022 General Election","Secretary Of State","Montgomery","Jeffrey Maurer","Libertarian","757"
"2022 General Election","Secretary Of State","Morgan","Andrew Straw (W/I)","Disability","0"
"2022 General Election","Secretary Of State","Morgan","David Wetterer (W/I)","Green","1"
"2022 General Election","Secretary Of State","Morgan","Destiny Wells","Democratic","5096"
"2022 General Election","Secretary Of State","Morgan","Diego Morales","Republican","13522"
"2022 General Election","Secretary Of State","Morgan","Jeffrey Maurer","Libertarian","2508"
"2022 General Election","Secretary Of State","Newton","Andrew Straw (W/I)","Disability","0"
"2022 General Election","Secretary Of State","Newton","David Wetterer (W/I)","Green","0"
"2022 General Election","Secretary Of State","Newton","Destiny Wells","Democratic","825"
"2022 General Election","Secretary Of State","Newton","Diego Morales","Republican","2946"
"2022 General Election","Secretary Of State","Newton","Jeffrey Maurer","Libertarian","174"
"2022 General Election","Secretary Of State","Noble","Andrew Straw (W/I)","Disability","0"
"2022 General Election","Secretary Of State","Noble","David Wetterer (W/I)","Green","0"
"2022 General Election","Secretary Of State","Noble","Destiny Wells","Democratic","2696"
"2022 General Election","Secretary Of State","Noble","Diego Morales","Republican","8227"
"2022 General Election","Secretary Of State","Noble","Jeffrey Maurer","Libertarian","503"
"2022 General Election","Secretary Of State","Ohio","Andrew Straw (W/I)","Disability","0"
"2022 General Election","Secretary Of State","Ohio","David Wetterer (W/I)","Green","0"
"2022 General Election","Secretary Of State","Ohio","Destiny Wells","Democratic","463"
"2022 General Election","Secretary Of State","Ohio","Diego Morales","Republican","1448"
"2022 General Election","Secretary Of State","Ohio","Jeffrey Maurer","Libertarian","50"
"2022 General Election","Secretary Of State","Orange","Andrew Straw (W/I)","Disability","0"
"2022 General Election","Secretary Of State","Orange","David Wetterer (W/I)","Green","0"
"2022 General Election","Secretary Of State","Orange","Destiny Wells","Democratic","1292"
"2022 General Election","Secretary Of State","Orange","Diego Morales","Republican","3896"
"2022 General Election","Secretary Of State","Orange","Jeffrey Maurer","Libertarian","160"
"2022 General Election","Secretary Of State","Owen","Andrew Straw (W/I)","Disability","0"
"2022 General Election","Secretary Of State","Owen","David Wetterer (W/I)","Green","0"
"2022 General Election","Secretary Of State","Owen","Destiny Wells","Democratic","1680"
"2022 General Election","Secretary Of State","Owen","Diego Morales","Republican","3849"
"2022 General Election","Secretary Of State","Owen","Jeffrey Maurer","Libertarian","587"
"2022 General Election","Secretary Of State","Parke","Andrew Straw (W/I)","Disability","0"
"2022 General Election","Secretary Of State","Parke","David Wetterer (W/I)","Green","0"
"2022 General Election","Secretary Of State","Parke","Destiny Wells","Democratic","992"
"2022 General Election","Secretary Of State","Parke","Diego Morales","Republican","3212"
"2022 General Election","Secretary Of State","Parke","Jeffrey Maurer","Libertarian","226"
"2022 General Election","Secretary Of State","Perry","Andrew Straw (W/I)","Disability","0"
"2022 General Election","Secretary Of State","Perry","David Wetterer (W/I)","Green","0"
"2022 General Election","Secretary Of State","Perry","Destiny Wells","Democratic","2516"
"2022 General Election","Secretary Of State","Perry","Diego Morales","Republican","3424"
"2022 General Election","Secretary Of State","Perry","Jeffrey Maurer","Libertarian","219"
"2022 General Election","Secretary Of State","Pike","Andrew Straw (W/I)","Disability","0"
"2022 General Election","Secretary Of State","Pike","David Wetterer (W/I)","Green","0"
"2022 General Election","Secretary Of State","Pike","Destiny Wells","Democratic","882"
"2022 General Election","Secretary Of State","Pike","Diego Morales","Republican","2618"
"2022 General Election","Secretary Of State","Pike","Jeffrey Maurer","Libertarian","131"
"2022 General Election","Secretary Of State","Porter","Andrew Straw (W/I)","Disability","2"
"2022 General Election","Secretary Of State","Porter","David Wetterer (W/I)","Green","9"
"2022 General Election","Secretary Of State","Porter","Destiny Wells","Democratic","25916"
"2022 General Election","Secretary Of State","Porter","Diego Morales","Republican","29969"
"2022 General Election","Secretary Of State","Porter","Jeffrey Maurer","Libertarian","1880"
"2022 General Election","Secretary Of State","Posey","Andrew Straw (W/I)","Disability","3"
"2022 General Election","Secretary Of State","Posey","David Wetterer (W/I)","Green","0"
"2022 General Election","Secretary Of State","Posey","Destiny Wells","Democratic","2414"
"2022 General Election","Secretary Of State","Posey","Diego Morales","Republican","5854"
"2022 General Election","Secretary Of State","Posey","Jeffrey Maurer","Libertarian","366"
"2022 General Election","Secretary Of State","Pulaski","Andrew Straw (W/I)","Disability","0"
"2022 General Election","Secretary Of State","Pulaski","David Wetterer (W/I)","Green","0"
"2022 General Election","Secretary Of State","Pulaski","Destiny Wells","Democratic","903"
"2022 General Election","Secretary Of State","Pulaski","Diego Morales","Republican","2633"
"2022 General Election","Secretary Of State","Pulaski","Jeffrey Maurer","Libertarian","151"
"2022 General Election","Secretary Of State","Putnam","Andrew Straw (W/I)","Disability","0"
"2022 General Election","Secretary Of State","Putnam","David Wetterer (W/I)","Green","0"
"2022 General Election","Secretary Of State","Putnam","Destiny Wells","Democratic","2583"
"2022 General Election","Secretary Of State","Putnam","Diego Morales","Republican","6257"
"2022 General Election","Secretary Of State","Putnam","Jeffrey Maurer","Libertarian","1023"
"2022 General Election","Secretary Of State","Randolph","Andrew Straw (W/I)","Disability","0"
"2022 General Election","Secretary Of State","Randolph","David Wetterer (W/I)","Green","0"
"2022 General Election","Secretary Of State","Randolph","Destiny Wells","Democratic","1619"
"2022 General Election","Secretary Of State","Randolph","Diego Morales","Republican","4830"
"2022 General Election","Secretary Of State","Randolph","Jeffrey Maurer","Libertarian","371"
"2022 General Election","Secretary Of State","Ripley","Andrew Straw (W/I)","Disability","0"
"2022 General Election","Secretary Of State","Ripley","David Wetterer (W/I)","Green","0"
"2022 General Election","Secretary Of State","Ripley","Destiny Wells","Democratic","1573"
"2022 General Election","Secretary Of State","Ripley","Diego Morales","Republican","6326"
"2022 General Election","Secretary Of State","Ripley","Jeffrey Maurer","Libertarian","420"
"2022 General Election","Secretary Of State","Rush","Andrew Straw (W/I)","Disability","0"
"2022 General Election","Secretary Of State","Rush","David Wetterer (W/I)","Green","0"
"2022 General Election","Secretary Of State","Rush","Destiny Wells","Democratic","1164"
"2022 General Election","Secretary Of State","Rush","Diego Morales","Republican","3111"
"2022 General Election","Secretary Of State","Rush","Jeffrey Maurer","Libertarian","544"
"2022 General Election","Secretary Of State","Scott","Andrew Straw (W/I)","Disability","0"
"2022 General Election","Secretary Of State","Scott","David Wetterer (W/I)","Green","0"
"2022 General Election","Secretary Of State","Scott","Destiny Wells","Democratic","2236"
"2022 General Election","Secretary Of State","Scott","Diego Morales","Republican","4155"
"2022 General Election","Secretary Of State","Scott","Jeffrey Maurer","Libertarian","287"
"2022 General Election","Secretary Of State","Shelby","Andrew Straw (W/I)","Disability","0"
"2022 General Election","Secretary Of State","Shelby","David Wetterer (W/I)","Green","0"
"2022 General Election","Secretary Of State","Shelby","Destiny Wells","Democratic","3109"
"2022 General Election","Secretary Of State","Shelby","Diego Morales","Republican","7067"
"2022 General Election","Secretary Of State","Shelby","Jeffrey Maurer","Libertarian","1280"
"2022 General Election","Secretary Of State","Spencer","Andrew Straw (W/I)","Disability","1"
"2022 General Election","Secretary Of State","Spencer","David Wetterer (W/I)","Green","0"
"2022 General Election","Secretary Of State","Spencer","Destiny Wells","Democratic","2381"
"2022 General Election","Secretary Of State","Spencer","Diego Morales","Republican","4900"
"2022 General Election","Secretary Of State","Spencer","Jeffrey Maurer","Libertarian","245"
"2022 General Election","Secretary Of State","St. Joseph","Andrew Straw (W/I)","Disability","0"
"2022 General Election","Secretary Of State","St. Joseph","David Wetterer (W/I)","Green","5"
"2022 General Election","Secretary Of State","St. Joseph","Destiny Wells","Democratic","34746"
"2022 General Election","Secretary Of State","St. Joseph","Diego Morales","Republican","33748"
"2022 General Election","Secretary Of State","St. Joseph","Jeffrey Maurer","Libertarian","2654"
"2022 General Election","Secretary Of State","Starke","Andrew Straw (W/I)","Disability","0"
"2022 General Election","Secretary Of State","Starke","David Wetterer (W/I)","Green","0"
"2022 General Election","Secretary Of State","Starke","Destiny Wells","Democratic","1885"
"2022 General Election","Secretary Of State","Starke","Diego Morales","Republican","4579"
"2022 General Election","Secretary Of State","Starke","Jeffrey Maurer","Libertarian","317"
"2022 General Election","Secretary Of State","Steuben","Andrew Straw (W/I)","Disability","0"
"2022 General Election","Secretary Of State","Steuben","David Wetterer (W/I)","Green","0"
"2022 General Election","Secretary Of State","Steuben","Destiny Wells","Democratic","2692"
"2022 General Election","Secretary Of State","Steuben","Diego Morales","Republican","6559"
"2022 General Election","Secretary Of State","Steuben","Jeffrey Maurer","Libertarian","392"
"2022 General Election","Secretary Of State","Sullivan","Andrew Straw (W/I)","Disability","0"
"2022 General Election","Secretary Of State","Sullivan","David Wetterer (W/I)","Green","0"
"2022 General Election","Secretary Of State","Sullivan","Destiny Wells","Democratic","1837"
"2022 General Election","Secretary Of State","Sullivan","Diego Morales","Republican","3987"
"2022 General Election","Secretary Of State","Sullivan","Jeffrey Maurer","Libertarian","378"
"2022 General Election","Secretary Of State","Switzerland","Andrew Straw (W/I)","Disability","0"
"2022 General Election","Secretary Of State","Switzerland","David Wetterer (W/I)","Green","0"
"2022 General Election","Secretary Of State","Switzerland","Destiny Wells","Democratic","666"
"2022 General Election","Secretary Of State","Switzerland","Diego Morales","Republican","1849"
"2022 General Election","Secretary Of State","Switzerland","Jeffrey Maurer","Libertarian","101"
"2022 General Election","Secretary Of State","Tippecanoe","Andrew Straw (W/I)","Disability","3"
"2022 General Election","Secretary Of State","Tippecanoe","David Wetterer (W/I)","Green","7"
"2022 General Election","Secretary Of State","Tippecanoe","Destiny Wells","Democratic","18485"
"2022 General Election","Secretary Of State","Tippecanoe","Diego Morales","Republican","18324"
"2022 General Election","Secretary Of State","Tippecanoe","Jeffrey Maurer","Libertarian","1608"
"2022 General Election","Secretary Of State","Tipton","Andrew Straw (W/I)","Disability","0"
"2022 General Election","Secretary Of State","Tipton","David Wetterer (W/I)","Green","0"
"2022 General Election","Secretary Of State","Tipton","Destiny Wells","Democratic","1386"
"2022 General Election","Secretary Of State","Tipton","Diego Morales","Republican","3331"
"2022 General Election","Secretary Of State","Tipton","Jeffrey Maurer","Libertarian","462"
"2022 General Election","Secretary Of State","Union","Andrew Straw (W/I)","Disability","0"
"2022 General Election","Secretary Of State","Union","David Wetterer (W/I)","Green","0"
"2022 General Election","Secretary Of State","Union","Destiny Wells","Democratic","532"
"2022 General Election","Secretary Of State","Union","Diego Morales","Republican","1742"
"2022 General Election","Secretary Of State","Union","Jeffrey Maurer","Libertarian","144"
"2022 General Election","Secretary Of State","Vanderburgh","Andrew Straw (W/I)","Disability","1"
"2022 General Election","Secretary Of State","Vanderburgh","David Wetterer (W/I)","Green","1"
"2022 General Election","Secretary Of State","Vanderburgh","Destiny Wells","Democratic","19899"
"2022 General Election","Secretary Of State","Vanderburgh","Diego Morales","Republican","25221"
"2022 General Election","Secretary Of State","Vanderburgh","Jeffrey Maurer","Libertarian","1631"
"2022 General Election","Secretary Of State","Vermillion","Andrew Straw (W/I)","Disability","0"
"2022 General Election","Secretary Of State","Vermillion","David Wetterer (W/I)","Green","0"
"2022 General Election","Secretary Of State","Vermillion","Destiny Wells","Democratic","1705"
"2022 General Election","Secretary Of State","Vermillion","Diego Morales","Republican","3012"
"2022 General Election","Secretary Of State","Vermillion","Jeffrey Maurer","Libertarian","243"
"2022 General Election","Secretary Of State","Vigo","Andrew Straw (W/I)","Disability","0"
"2022 General Election","Secretary Of State","Vigo","David Wetterer (W/I)","Green","4"
"2022 General Election","Secretary Of State","Vigo","Destiny Wells","Democratic","11773"
"2022 General Election","Secretary Of State","Vigo","Diego Morales","Republican","13444"
"2022 General Election","Secretary Of State","Vigo","Jeffrey Maurer","Libertarian","1205"
"2022 General Election","Secretary Of State","Wabash","Andrew Straw (W/I)","Disability","0"
"2022 General Election","Secretary Of State","Wabash","David Wetterer (W/I)","Green","2"
"2022 General Election","Secretary Of State","Wabash","Destiny Wells","Democratic","2253"
"2022 General Election","Secretary Of State","Wabash","Diego Morales","Republican","7071"
"2022 General Election","Secretary Of State","Wabash","Jeffrey Maurer","Libertarian","431"
"2022 General Election","Secretary Of State","Warren","Andrew Straw (W/I)","Disability","0"
"2022 General Election","Secretary Of State","Warren","David Wetterer (W/I)","Green","0"
"2022 General Election","Secretary Of State","Warren","Destiny Wells","Democratic","596"
"2022 General Election","Secretary Of State","Warren","Diego Morales","Republican","2077"
"2022 General Election","Secretary Of State","Warren","Jeffrey Maurer","Libertarian","117"
"2022 General Election","Secretary Of State","Warrick","Andrew Straw (W/I)","Disability","7"
"2022 General Election","Secretary Of State","Warrick","David Wetterer (W/I)","Green","0"
"2022 General Election","Secretary Of State","Warrick","Destiny Wells","Democratic","6605"
"2022 General Election","Secretary Of State","Warrick","Diego Morales","Republican","12722"
"2022 General Election","Secretary Of State","Warrick","Jeffrey Maurer","Libertarian","630"
"2022 General Election","Secretary Of State","Washington","Andrew Straw (W/I)","Disability","0"
"2022 General Election","Secretary Of State","Washington","David Wetterer (W/I)","Green","0"
"2022 General Election","Secretary Of State","Washington","Destiny Wells","Democratic","1880"
"2022 General Election","Secretary Of State","Washington","Diego Morales","Republican","5739"
"2022 General Election","Secretary Of State","Washington","Jeffrey Maurer","Libertarian","309"
"2022 General Election","Secretary Of State","Wayne","Andrew Straw (W/I)","Disability","0"
"2022 General Election","Secretary Of State","Wayne","David Wetterer (W/I)","Green","5"
"2022 General Election","Secretary Of State","Wayne","Destiny Wells","Democratic","5465"
"2022 General Election","Secretary Of State","Wayne","Diego Morales","Republican","10091"
"2022 General Election","Secretary Of State","Wayne","Jeffrey Maurer","Libertarian","988"
"2022 General Election","Secretary Of State","Wells","Andrew Straw (W/I)","Disability","0"
"2022 General Election","Secretary Of State","Wells","David Wetterer (W/I)","Green","0"
"2022 General Election","Secretary Of State","Wells","Destiny Wells","Democratic","1882"
"2022 General Election","Secretary Of State","Wells","Diego Morales","Republican","6797"
"2022 General Election","Secretary Of State","Wells","Jeffrey Maurer","Libertarian","389"
"2022 General Election","Secretary Of State","White","Andrew Straw (W/I)","Disability","1"
"2022 General Election","Secretary Of State","White","David Wetterer (W/I)","Green","0"
"2022 General Election","Secretary Of State","White","Destiny Wells","Democratic","1778"
"2022 General Election","Secretary Of State","White","Diego Morales","Republican","4626"
"2022 General Election","Secretary Of State","White","Jeffrey Maurer","Libertarian","281"
"2022 General Election","Secretary Of State","Whitley","Andrew Straw (W/I)","Disability","0"
"2022 General Election","Secretary Of State","Whitley","David Wetterer (W/I)","Green","3"
"2022 General Election","Secretary Of State","Whitley","Destiny Wells","Democratic","2746"
"2022 General Election","Secretary Of State","Whitley","Diego Morales","Republican","8055"
"2022 General Election","Secretary Of State","Whitley","Jeffrey Maurer","Libertarian","632"
"2022 General Election","Treasurer Of State","Adams","Daniel Elliott","Republican","6916"
"2022 General Election","Treasurer Of State","Adams","Jessica Mcclellan","Democratic","1974"
"2022 General Election","Treasurer Of State","Allen","Daniel Elliott","Republican","59986"
"2022 General Election","Treasurer Of State","Allen","Jessica Mcclellan","Democratic","40594"
"2022 General Election","Treasurer Of State","Bartholomew","Daniel Elliott","Republican","14502"
"2022 General Election","Treasurer Of State","Bartholomew","Jessica Mcclellan","Democratic","7771"
"2022 General Election","Treasurer Of State","Benton","Daniel Elliott","Republican","1972"
"2022 General Election","Treasurer Of State","Benton","Jessica Mcclellan","Democratic","493"
"2022 General Election","Treasurer Of State","Blackford","Daniel Elliott","Republican","2487"
"2022 General Election","Treasurer Of State","Blackford","Jessica Mcclellan","Democratic","860"
"2022 General Election","Treasurer Of State","Boone","Daniel Elliott","Republican","15426"
"2022 General Election","Treasurer Of State","Boone","Jessica Mcclellan","Democratic","9141"
"2022 General Election","Treasurer Of State","Brown","Daniel Elliott","Republican","4040"
"2022 General Election","Treasurer Of State","Brown","Jessica Mcclellan","Democratic","2209"
"2022 General Election","Treasurer Of State","Carroll","Daniel Elliott","Republican","4778"
"2022 General Election","Treasurer Of State","Carroll","Jessica Mcclellan","Democratic","1424"
"2022 General Election","Treasurer Of State","Cass","Daniel Elliott","Republican","6251"
"2022 General Election","Treasurer Of State","Cass","Jessica Mcclellan","Democratic","2318"
"2022 General Election","Treasurer Of State","Clark","Daniel Elliott","Republican","22006"
"2022 General Election","Treasurer Of State","Clark","Jessica Mcclellan","Democratic","13793"
"2022 General Election","Treasurer Of State","Clay","Daniel Elliott","Republican","5888"
"2022 General Election","Treasurer Of State","Clay","Jessica Mcclellan","Democratic","1677"
"2022 General Election","Treasurer Of State","Clinton","Daniel Elliott","Republican","5567"
"2022 General Election","Treasurer Of State","Clinton","Jessica Mcclellan","Democratic","1669"
"2022 General Election","Treasurer Of State","Crawford","Daniel Elliott","Republican","2469"
"2022 General Election","Treasurer Of State","Crawford","Jessica Mcclellan","Democratic","1094"
"2022 General Election","Treasurer Of State","Daviess","Daniel Elliott","Republican","5779"
"2022 General Election","Treasurer Of State","Daviess","Jessica Mcclellan","Democratic","1135"
"2022 General Election","Treasurer Of State","Dearborn","Daniel Elliott","Republican","11532"
"2022 General Election","Treasurer Of State","Dearborn","Jessica Mcclellan","Democratic","2743"
"2022 General Election","Treasurer Of State","Decatur","Daniel Elliott","Republican","6418"
"2022 General Election","Treasurer Of State","Decatur","Jessica Mcclellan","Democratic","1533"
"2022 General Election","Treasurer Of State","Dekalb","Daniel Elliott","Republican","8645"
"2022 General Election","Treasurer Of State","Dekalb","Jessica Mcclellan","Democratic","2933"
"2022 General Election","Treasurer Of State","Delaware","Daniel Elliott","Republican","17513"
"2022 General Election","Treasurer Of State","Delaware","Jessica Mcclellan","Democratic","12305"
"2022 General Election","Treasurer Of State","Dubois","Daniel Elliott","Republican","9615"
"2022 General Election","Treasurer Of State","Dubois","Jessica Mcclellan","Democratic","3855"
"2022 General Election","Treasurer Of State","Elkhart","Daniel Elliott","Republican","31457"
"2022 General Election","Treasurer Of State","Elkhart","Jessica Mcclellan","Democratic","13074"
"2022 General Election","Treasurer Of State","Fayette","Daniel Elliott","Republican","4729"
"2022 General Election","Treasurer Of State","Fayette","Jessica Mcclellan","Democratic","1392"
"2022 General Election","Treasurer Of State","Floyd","Daniel Elliott","Republican","15806"
"2022 General Election","Treasurer Of State","Floyd","Jessica Mcclellan","Democratic","10885"
"2022 General Election","Treasurer Of State","Fountain","Daniel Elliott","Republican","3999"
"2022 General Election","Treasurer Of State","Fountain","Jessica Mcclellan","Democratic","976"
"2022 General Election","Treasurer Of State","Franklin","Daniel Elliott","Republican","5994"
"2022 General Election","Treasurer Of State","Franklin","Jessica Mcclellan","Democratic","1322"
"2022 General Election","Treasurer Of State","Fulton","Daniel Elliott","Republican","4188"
"2022 General Election","Treasurer Of State","Fulton","Jessica Mcclellan","Democratic","1297"
"2022 General Election","Treasurer Of State","Gibson","Daniel Elliott","Republican","7508"
"2022 General Election","Treasurer Of State","Gibson","Jessica Mcclellan","Democratic","2519"
"2022 General Election","Treasurer Of State","Grant","Daniel Elliott","Republican","11525"
"2022 General Election","Treasurer Of State","Grant","Jessica Mcclellan","Democratic","4129"
"2022 General Election","Treasurer Of State","Greene","Daniel Elliott","Republican","7045"
"2022 General Election","Treasurer Of State","Greene","Jessica Mcclellan","Democratic","2292"
"2022 General Election","Treasurer Of State","Hamilton","Daniel Elliott","Republican","75561"
"2022 General Election","Treasurer Of State","Hamilton","Jessica Mcclellan","Democratic","52363"
"2022 General Election","Treasurer Of State","Hancock","Daniel Elliott","Republican","16888"
"2022 General Election","Treasurer Of State","Hancock","Jessica Mcclellan","Democratic","6787"
"2022 General Election","Treasurer Of State","Harrison","Daniel Elliott","Republican","9986"
"2022 General Election","Treasurer Of State","Harrison","Jessica Mcclellan","Democratic","3668"
"2022 General Election","Treasurer Of State","Hendricks","Daniel Elliott","Republican","31703"
"2022 General Election","Treasurer Of State","Hendricks","Jessica Mcclellan","Democratic","16544"
"2022 General Election","Treasurer Of State","Henry","Daniel Elliott","Republican","9927"
"2022 General Election","Treasurer Of State","Henry","Jessica Mcclellan","Democratic","3501"
"2022 General Election","Treasurer Of State","Howard","Daniel Elliott","Republican","16987"
"2022 General Election","Treasurer Of State","Howard","Jessica Mcclellan","Democratic","7668"
"2022 General Election","Treasurer Of State","Huntington","Daniel Elliott","Republican","8557"
"2022 General Election","Treasurer Of State","Huntington","Jessica Mcclellan","Democratic","2691"
"2022 General Election","Treasurer Of State","Jackson","Daniel Elliott","Republican","8642"
"2022 General Election","Treasurer Of State","Jackson","Jessica Mcclellan","Democratic","2454"
"2022 General Election","Treasurer Of State","Jasper","Daniel Elliott","Republican","7229"
"2022 General Election","Treasurer Of State","Jasper","Jessica Mcclellan","Democratic","1980"
"2022 General Election","Treasurer Of State","Jay","Daniel Elliott","Republican","4063"
"2022 General Election","Treasurer Of State","Jay","Jessica Mcclellan","Democratic","1304"
"2022 General Election","Treasurer Of State","Jefferson","Daniel Elliott","Republican","6417"
"2022 General Election","Treasurer Of State","Jefferson","Jessica Mcclellan","Democratic","3274"
"2022 General Election","Treasurer Of State","Jennings","Daniel Elliott","Republican","6043"
"2022 General Election","Treasurer Of State","Jennings","Jessica Mcclellan","Democratic","1750"
"2022 General Election","Treasurer Of State","Johnson","Daniel Elliott","Republican","31229"
"2022 General Election","Treasurer Of State","Johnson","Jessica Mcclellan","Democratic","13297"
"2022 General Election","Treasurer Of State","Knox","Daniel Elliott","Republican","7380"
"2022 General Election","Treasurer Of State","Knox","Jessica Mcclellan","Democratic","2605"
"2022 General Election","Treasurer Of State","Kosciusko","Daniel Elliott","Republican","18043"
"2022 General Election","Treasurer Of State","Kosciusko","Jessica Mcclellan","Democratic","4381"
"2022 General Election","Treasurer Of State","Lagrange","Daniel Elliott","Republican","5223"
"2022 General Election","Treasurer Of State","Lagrange","Jessica Mcclellan","Democratic","1324"
"2022 General Election","Treasurer Of State","Lake","Daniel Elliott","Republican","60489"
"2022 General Election","Treasurer Of State","Lake","Jessica Mcclellan","Democratic","71475"
"2022 General Election","Treasurer Of State","Laporte","Daniel Elliott","Republican","17667"
"2022 General Election","Treasurer Of State","Laporte","Jessica Mcclellan","Democratic","13965"
"2022 General Election","Treasurer Of State","Lawrence","Daniel Elliott","Republican","9820"
"2022 General Election","Treasurer Of State","Lawrence","Jessica Mcclellan","Democratic","2778"
"2022 General Election","Treasurer Of State","Madison","Daniel Elliott","Republican","22412"
"2022 General Election","Treasurer Of State","Madison","Jessica Mcclellan","Democratic","13186"
"2022 General Election","Treasurer Of State","Marion","Daniel Elliott","Republican","84799"
"2022 General Election","Treasurer Of State","Marion","Jessica Mcclellan","Democratic","137724"
"2022 General Election","Treasurer Of State","Marshall","Daniel Elliott","Republican","9452"
"2022 General Election","Treasurer Of State","Marshall","Jessica Mcclellan","Democratic","3199"
"2022 General Election","Treasurer Of State","Martin","Daniel Elliott","Republican","2608"
"2022 General Election","Treasurer Of State","Martin","Jessica Mcclellan","Democratic","798"
"2022 General Election","Treasurer Of State","Miami","Daniel Elliott","Republican","6638"
"2022 General Election","Treasurer Of State","Miami","Jessica Mcclellan","Democratic","1827"
"2022 General Election","Treasurer Of State","Monroe","Daniel Elliott","Republican","14633"
"2022 General Election","Treasurer Of State","Monroe","Jessica Mcclellan","Democratic","25038"
"2022 General Election","Treasurer Of State","Montgomery","Daniel Elliott","Republican","7419"
"2022 General Election","Treasurer Of State","Montgomery","Jessica Mcclellan","Democratic","2206"
"2022 General Election","Treasurer Of State","Morgan","Daniel Elliott","Republican","16467"
"2022 General Election","Treasurer Of State","Morgan","Jessica Mcclellan","Democratic","4584"
"2022 General Election","Treasurer Of State","Newton","Daniel Elliott","Republican","3104"
"2022 General Election","Treasurer Of State","Newton","Jessica Mcclellan","Democratic","860"
"2022 General Election","Treasurer Of State","Noble","Daniel Elliott","Republican","8823"
"2022 General Election","Treasurer Of State","Noble","Jessica Mcclellan","Democratic","2583"
"2022 General Election","Treasurer Of State","Ohio","Daniel Elliott","Republican","1495"
"2022 General Election","Treasurer Of State","Ohio","Jessica Mcclellan","Democratic","450"
"2022 General Election","Treasurer Of State","Orange","Daniel Elliott","Republican","4098"
"2022 General Election","Treasurer Of State","Orange","Jessica Mcclellan","Democratic","1255"
"2022 General Election","Treasurer Of State","Owen","Daniel Elliott","Republican","4518"
"2022 General Election","Treasurer Of State","Owen","Jessica Mcclellan","Democratic","1580"
"2022 General Election","Treasurer Of State","Parke","Daniel Elliott","Republican","3471"
"2022 General Election","Treasurer Of State","Parke","Jessica Mcclellan","Democratic","974"
"2022 General Election","Treasurer Of State","Perry","Daniel Elliott","Republican","3664"
"2022 General Election","Treasurer Of State","Perry","Jessica Mcclellan","Democratic","2492"
"2022 General Election","Treasurer Of State","Pike","Daniel Elliott","Republican","2744"
"2022 General Election","Treasurer Of State","Pike","Jessica Mcclellan","Democratic","887"
"2022 General Election","Treasurer Of State","Porter","Daniel Elliott","Republican","31559"
"2022 General Election","Treasurer Of State","Porter","Jessica Mcclellan","Democratic","26190"
"2022 General Election","Treasurer Of State","Posey","Daniel Elliott","Republican","6102"
"2022 General Election","Treasurer Of State","Posey","Jessica Mcclellan","Democratic","2352"
"2022 General Election","Treasurer Of State","Pulaski","Daniel Elliott","Republican","2856"
"2022 General Election","Treasurer Of State","Pulaski","Jessica Mcclellan","Democratic","831"
"2022 General Election","Treasurer Of State","Putnam","Daniel Elliott","Republican","7499"
"2022 General Election","Treasurer Of State","Putnam","Jessica Mcclellan","Democratic","2359"
"2022 General Election","Treasurer Of State","Randolph","Daniel Elliott","Republican","5301"
"2022 General Election","Treasurer Of State","Randolph","Jessica Mcclellan","Democratic","1530"
"2022 General Election","Treasurer Of State","Ripley","Daniel Elliott","Republican","6731"
"2022 General Election","Treasurer Of State","Ripley","Jessica Mcclellan","Democratic","1600"
"2022 General Election","Treasurer Of State","Rush","Daniel Elliott","Republican","3816"
"2022 General Election","Treasurer Of State","Rush","Jessica Mcclellan","Democratic","998"
"2022 General Election","Treasurer Of State","Scott","Daniel Elliott","Republican","4468"
"2022 General Election","Treasurer Of State","Scott","Jessica Mcclellan","Democratic","2226"
"2022 General Election","Treasurer Of State","Shelby","Daniel Elliott","Republican","8621"
"2022 General Election","Treasurer Of State","Shelby","Jessica Mcclellan","Democratic","2799"
"2022 General Election","Treasurer Of State","Spencer","Daniel Elliott","Republican","5210"
"2022 General Election","Treasurer Of State","Spencer","Jessica Mcclellan","Democratic","2307"
"2022 General Election","Treasurer Of State","St. Joseph","Daniel Elliott","Republican","36474"
"2022 General Election","Treasurer Of State","St. Joseph","Jessica Mcclellan","Democratic","34451"
"2022 General Election","Treasurer Of State","Starke","Daniel Elliott","Republican","4908"
"2022 General Election","Treasurer Of State","Starke","Jessica Mcclellan","Democratic","1870"
"2022 General Election","Treasurer Of State","Steuben","Daniel Elliott","Republican","7004"
"2022 General Election","Treasurer Of State","Steuben","Jessica Mcclellan","Democratic","2576"
"2022 General Election","Treasurer Of State","Sullivan","Daniel Elliott","Republican","4386"
"2022 General Election","Treasurer Of State","Sullivan","Jessica Mcclellan","Democratic","1814"
"2022 General Election","Treasurer Of State","Switzerland","Daniel Elliott","Republican","1941"
"2022 General Election","Treasurer Of State","Switzerland","Jessica Mcclellan","Democratic","685"
"2022 General Election","Treasurer Of State","Tippecanoe","Daniel Elliott","Republican","20105"
"2022 General Election","Treasurer Of State","Tippecanoe","Jessica Mcclellan","Democratic","18210"
"2022 General Election","Treasurer Of State","Tipton","Daniel Elliott","Republican","3892"
"2022 General Election","Treasurer Of State","Tipton","Jessica Mcclellan","Democratic","1274"
"2022 General Election","Treasurer Of State","Union","Daniel Elliott","Republican","1905"
"2022 General Election","Treasurer Of State","Union","Jessica Mcclellan","Democratic","540"
"2022 General Election","Treasurer Of State","Vanderburgh","Daniel Elliott","Republican","26391"
"2022 General Election","Treasurer Of State","Vanderburgh","Jessica Mcclellan","Democratic","19417"
"2022 General Election","Treasurer Of State","Vermillion","Daniel Elliott","Republican","3247"
"2022 General Election","Treasurer Of State","Vermillion","Jessica Mcclellan","Democratic","1728"
"2022 General Election","Treasurer Of State","Vigo","Daniel Elliott","Republican","14780"
"2022 General Election","Treasurer Of State","Vigo","Jessica Mcclellan","Democratic","11689"
"2022 General Election","Treasurer Of State","Wabash","Daniel Elliott","Republican","7546"
"2022 General Election","Treasurer Of State","Wabash","Jessica Mcclellan","Democratic","2137"
"2022 General Election","Treasurer Of State","Warren","Daniel Elliott","Republican","2225"
"2022 General Election","Treasurer Of State","Warren","Jessica Mcclellan","Democratic","569"
"2022 General Election","Treasurer Of State","Warrick","Daniel Elliott","Republican","13435"
"2022 General Election","Treasurer Of State","Warrick","Jessica Mcclellan","Democratic","6499"
"2022 General Election","Treasurer Of State","Washington","Daniel Elliott","Republican","6062"
"2022 General Election","Treasurer Of State","Washington","Jessica Mcclellan","Democratic","1830"
"2022 General Election","Treasurer Of State","Wayne","Daniel Elliott","Republican","11088"
"2022 General Election","Treasurer Of State","Wayne","Jessica Mcclellan","Democratic","5355"
"2022 General Election","Treasurer Of State","Wells","Daniel Elliott","Republican","7309"
"2022 General Election","Treasurer Of State","Wells","Jessica Mcclellan","Democratic","1741"
"2022 General Election","Treasurer Of State","White","Daniel Elliott","Republican","5047"
"2022 General Election","Treasurer Of State","White","Jessica Mcclellan","Democratic","1658"
"2022 General Election","Treasurer Of State","Whitley","Daniel Elliott","Republican","8786"
"2022 General Election","Treasurer Of State","Whitley","Jessica Mcclellan","Democratic","2607"
